id,name,email,password,program_id
1416455,Student1,1416455@iub.edu.bd,12345678,1
1579288,Student2,1579288@iub.edu.bd,12345678,1
1528882,Student3,1528882@iub.edu.bd,12345678,1
1653725,Student4,1653725@iub.edu.bd,12345678,1
1625654,Student5,1625654@iub.edu.bd,12345678,1
1669953,Student6,1669953@iub.edu.bd,12345678,1
1665555,Student7,1665555@iub.edu.bd,12345678,1
1616161,Student8,1616161@iub.edu.bd,12345678,1
1633554,Student9,1633554@iub.edu.bd,12345678,1
1645333,Student10,1645333@iub.edu.bd,12345678,1
1691291,Student11,1691291@iub.edu.bd,12345678,1
1662147,Student12,1662147@iub.edu.bd,12345678,1
1691483,Student13,1691483@iub.edu.bd,12345678,1
1674181,Student14,1674181@iub.edu.bd,12345678,1
1641252,Student15,1641252@iub.edu.bd,12345678,1
1695837,Student16,1695837@iub.edu.bd,12345678,1
1613273,Student17,1613273@iub.edu.bd,12345678,1
1612985,Student18,1612985@iub.edu.bd,12345678,1
1623112,Student19,1623112@iub.edu.bd,12345678,1
1668314,Student20,1668314@iub.edu.bd,12345678,1
1622731,Student21,1622731@iub.edu.bd,12345678,1
1696326,Student22,1696326@iub.edu.bd,12345678,1
1646434,Student23,1646434@iub.edu.bd,12345678,1
1614142,Student24,1614142@iub.edu.bd,12345678,1
1654432,Student25,1654432@iub.edu.bd,12345678,1
1678812,Student26,1678812@iub.edu.bd,12345678,1
1614733,Student27,1614733@iub.edu.bd,12345678,1
1665491,Student28,1665491@iub.edu.bd,12345678,1
1634352,Student29,1634352@iub.edu.bd,12345678,1
1661638,Student30,1661638@iub.edu.bd,12345678,1
1686272,Student31,1686272@iub.edu.bd,12345678,1
1729416,Student32,1729416@iub.edu.bd,12345678,1
1763881,Student33,1763881@iub.edu.bd,12345678,1
1781682,Student34,1781682@iub.edu.bd,12345678,1
1778274,Student35,1778274@iub.edu.bd,12345678,1
1795656,Student36,1795656@iub.edu.bd,12345678,1
1773277,Student37,1773277@iub.edu.bd,12345678,1
1759787,Student38,1759787@iub.edu.bd,12345678,1
1743714,Student39,1743714@iub.edu.bd,12345678,1
1747457,Student40,1747457@iub.edu.bd,12345678,1
1728125,Student41,1728125@iub.edu.bd,12345678,1
1783512,Student42,1783512@iub.edu.bd,12345678,1
1768463,Student43,1768463@iub.edu.bd,12345678,1
1797625,Student44,1797625@iub.edu.bd,12345678,1
1754681,Student45,1754681@iub.edu.bd,12345678,1
1798883,Student46,1798883@iub.edu.bd,12345678,1
1769463,Student47,1769463@iub.edu.bd,12345678,1
1766156,Student48,1766156@iub.edu.bd,12345678,1
1772947,Student49,1772947@iub.edu.bd,12345678,1
1731817,Student50,1731817@iub.edu.bd,12345678,1
1752538,Student51,1752538@iub.edu.bd,12345678,1
1731852,Student52,1731852@iub.edu.bd,12345678,1
1766176,Student53,1766176@iub.edu.bd,12345678,1
1715578,Student54,1715578@iub.edu.bd,12345678,1
1745484,Student55,1745484@iub.edu.bd,12345678,1
1791753,Student56,1791753@iub.edu.bd,12345678,1
1742892,Student57,1742892@iub.edu.bd,12345678,1
1788337,Student58,1788337@iub.edu.bd,12345678,1
1736425,Student59,1736425@iub.edu.bd,12345678,1
1728439,Student60,1728439@iub.edu.bd,12345678,1
1712983,Student61,1712983@iub.edu.bd,12345678,1
1718437,Student62,1718437@iub.edu.bd,12345678,1
1784847,Student63,1784847@iub.edu.bd,12345678,1
1737824,Student64,1737824@iub.edu.bd,12345678,1
1797789,Student65,1797789@iub.edu.bd,12345678,1
1728139,Student66,1728139@iub.edu.bd,12345678,1
1711619,Student67,1711619@iub.edu.bd,12345678,1
1789481,Student68,1789481@iub.edu.bd,12345678,1
1711729,Student69,1711729@iub.edu.bd,12345678,1
1773384,Student70,1773384@iub.edu.bd,12345678,1
1762565,Student71,1762565@iub.edu.bd,12345678,1
1898334,Student72,1898334@iub.edu.bd,12345678,1
1892367,Student73,1892367@iub.edu.bd,12345678,1
1863951,Student74,1863951@iub.edu.bd,12345678,1
1835298,Student75,1835298@iub.edu.bd,12345678,1
1835874,Student76,1835874@iub.edu.bd,12345678,1
1849651,Student77,1849651@iub.edu.bd,12345678,1
1872128,Student78,1872128@iub.edu.bd,12345678,1
1887973,Student79,1887973@iub.edu.bd,12345678,1
1886577,Student80,1886577@iub.edu.bd,12345678,1
1877262,Student81,1877262@iub.edu.bd,12345678,1
1873255,Student82,1873255@iub.edu.bd,12345678,1
1834433,Student83,1834433@iub.edu.bd,12345678,1
1868128,Student84,1868128@iub.edu.bd,12345678,1
1845457,Student85,1845457@iub.edu.bd,12345678,1
1855787,Student86,1855787@iub.edu.bd,12345678,1
1893863,Student87,1893863@iub.edu.bd,12345678,1
1842333,Student88,1842333@iub.edu.bd,12345678,1
